Date,AAPL,AMZN,AVGO,BRK-B,GOOG,LLY,META,MSFT,NVDA,TSLA
2023-08-02,-0.015611159913476788,-0.026781097330387048,-0.0305710976423052,-0.003042172523639837,-0.02495053034127913,0.0030631881362211343,-0.0263742384292378,-0.026634639270100034,-0.049318139330927116,-0.027021352113566002
2023-08-03,-0.007348531878884401,0.005444917932495522,-0.008237359949971518,0.0074326444788798286,0.001010203496903655,-0.011774793263942063,-0.003569628023784955,-0.002568098047054544,0.005541586786078626,0.020295602012260543
2023-08-04,-0.049211384189321396,0.07945180513430172,-0.0037700004102180634,-0.010855484238031315,-0.0017878042115528523,0.000734327278498443,-0.007885735189502084,0.0034226672335299713,0.003699753207705126,-0.021279912186420162
2023-08-07,-0.01740422356676816,0.018808843040995626,0.017327652245611797,0.03534054782353509,0.026107189392140687,0.010159842296022294,0.01858843130440651,0.007083238335138996,0.01636052807723411,-0.009538785882980292
2023-08-08,0.005297679855172146,-0.016161386274731373,-0.01561632662342655,0.0031667617931778994,-0.0007582604121346152,0.1386276505572987,-0.012460430820722592,-0.012375216352657701,-0.016718635310086008,-0.00698396541730477
2023-08-09,-0.008994809813622506,-0.01504759501753799,-0.037411803154646484,-0.015823044285154474,-0.012901375216716714,0.008837237547694523,-0.024052264916238176,-0.011785069419120235,-0.048393947252412,-0.030537632908455258
2023-08-10,-0.0012354492048840052,0.005137245447970533,-0.009246249254432374,-0.0029090314985782285,0.0004608383814927351,-0.009335783583724652,0.0017349124174882286,0.002169983529832225,-0.0039086297745660045,0.012922436522360333
2023-08-11,0.0003375474395028361,-0.0010831058272496987,-0.01571198665828985,0.0038303908950891017,-0.0003072411595259053,0.013224011942770604,-0.013500661946904335,-0.005963265771246391,-0.03683608008358987,-0.011024937980288016
2023-08-14,0.009349326808897307,0.015485316080358403,0.028911867574081155,0.00036272165266081226,0.012672013145368788,0.020373310473543807,0.014971485105554808,0.009394719910736893,0.06853088310273872,-0.011981650600334395
2023-08-15,-0.01126348853799477,-0.020846133672850414,-0.013650938079405034,-0.011164555152681383,-0.011904028458857923,0.015895358692367183,-0.013944458684520414,-0.006750305292650851,0.004264966648540133,-0.028771606269163794
2023-08-16,-0.004971479694835543,-0.019066286976507706,-0.011375696470728242,-0.001100788009999213,-0.008944522018164756,-0.0006954071870012131,-0.02569572375448227,-0.002431503899862145,-0.01038605663155528,-0.03210324714965498
2023-08-17,-0.014662020670262422,-0.008102713606702033,-0.007096121389962434,-0.00260139529152351,0.010402046566406115,-0.015831866168251916,-0.0317606865188115,-0.011047029521253493,-0.0032707510706736945,-0.02868774932252366
2023-08-18,0.0028121303623902657,-0.005688597043229265,-0.001524428970214422,-0.0017853490617244453,-0.01817747747815735,0.01617963021064564,-0.006475005579076541,-0.0012630502709582013,-0.0010387505414460624,-0.017161267109647337
2023-08-21,0.007706930966686504,0.010899633762398327,0.04649027505423306,-0.001333999274742215,0.0063803670199321545,0.006602992300750256,0.02320612614116673,0.01691865321872223,0.0813156744155234,0.07071456218373605
2023-08-22,0.007873862622361052,-0.003197806521519639,-0.010866249990763984,-0.004326392214262821,0.00587732542683125,0.006541670242963972,-0.007965392311679184,0.0018002767338616136,-0.028047393054659826,0.00822448994977978
2023-08-23,0.02171152164876668,0.009415529041193322,0.02400278752671591,0.010470712270785266,0.02677989112863081,-0.0005419598106119938,0.02282509351331121,0.013981129184554861,0.03121493934056703,0.015615669490355368
2023-08-24,-0.02651890528886064,-0.027530224045928062,-0.02555820334328483,0.00011284302676958669,-0.021166875645119404,-0.009733621769279185,-0.02578504953451476,-0.02173292159823725,0.0009969576013773532,-0.02921607421029239
2023-08-25,0.012563686670440926,0.010713027528748599,-0.0030944248990030588,0.004590084309309638,0.0020681682507859064,0.010257461695735695,-0.00436872214629223,0.009363227534074921,-0.024577031030599494,0.036493404628287436
2023-08-28,0.008807320124269977,-0.0009008643247144191,0.010812054694354114,-0.0010682097300799527,0.008381524132408212,0.00048756610184313233,0.01653510025301486,0.0022267199862426213,0.0175981426831491,0.0009635784854130897
2023-08-29,0.02157573122990496,0.013206715007284348,0.032955382066412374,0.007676886200908062,0.027688186231281307,-3.6111971783743794e-05,0.026282825202849077,0.014445719895532649,0.04077159884131889,0.07406603958973092
2023-08-30,0.018990860425458493,0.00118530020246871,0.0026372482083730246,0.00770140454911511,0.010571936766777831,-0.010727110549775001,-0.009745621048987374,0.0011563853365823143,0.009791069103339057,-0.001089320005828064
2023-08-31,0.0011716471591748643,0.021532889699268778,0.03373009274946707,-0.0023846761152899387,0.003062600958164875,0.011268653246487561,0.002673480282898067,-0.003137646782657575,0.0018454927507569189,0.004582681990043304
2023-09-01,0.008427783465619475,0.0007967306725371615,-0.05612447358663394,0.006254633172457363,-0.004012463565506879,0.005236972237011849,0.0016546384962250053,0.002742241074994611,-0.017289694009512552,-0.05197055872941742
2023-09-05,0.0012659267520416899,-0.006173016781758742,-0.00040117886226376123,-0.005505360908390322,-0.0006580228379971785,0.0019366376852737685,0.012639880752415244,0.014768900451386392,0.0008037551784545101,0.04579063580383254
2023-09-06,-0.03644961270121951,-0.014011920021062172,0.00011457517204269554,0.0033234920853581853,-0.009850224848283452,0.0031481956092805304,-0.003270248880591038,-0.0020107640121787306,-0.031025971689560755,-0.017978069897591802
2023-09-07,-0.029685714759748842,0.018228281379293984,-0.01762591740180475,0.00035930824059984666,0.006112666260387367,0.02343953971613156,-0.0016727072162179117,-0.008962180633824982,-0.017577775999941696,-0.0017083203640211426
2023-09-08,0.003485778895302905,0.0027527518216119884,0.0006062940190103259,0.003724416023556794,0.0073153831325912105,0.022817474194952347,-0.002615064171270936,0.013129177351362263,-0.014573416056699807,-0.01196040362366716
2023-09-11,0.006600664756518412,0.03462479564658769,0.001852491805665137,0.006505011953277431,0.0039280521997076935,0.015397525978344638,0.031945761538915485,0.01091929993072024,-0.008683292715697654,0.09615118904304938
2023-09-12,-0.01720787549417006,-0.013153992385327589,-0.01716337335391834,0.006163962795287741,-0.012198278988814357,0.0062602152045618574,-0.01936955076035121,-0.018426368259644284,-0.006840828863884016,-0.022549196320499374
2023-09-13,-0.011925607414360247,0.02530902952298205,0.009909085107935565,0.00010877798974804666,0.010454357899784526,-0.0007009553590045,0.011207847180675929,0.012847786053133319,0.013613282856476847,0.01418033641106544
2023-09-14,0.008744164738771506,-0.0008979168301894522,0.021698921233017678,0.004557032404913519,0.010778135212950676,-0.012213706328828507,0.021596993101125707,0.007825089456103293,0.0021083438712089612,0.017320639037477315
2023-09-15,-0.004162654403103736,-0.03037658988565322,-0.023165535242134987,-0.0044483492062915774,-0.004976742622245968,-0.027330378268453567,-0.03729012045771513,-0.02535570641302788,-0.03757666082831159,-0.0059953082833390835
2023-09-18,0.0167719815647765,-0.0029247348968620985,-0.001974568185951827,0.0069620820585720765,0.0047609054685036935,-0.007637740498818205,0.00743128044633956,-0.00351905699287358,0.0015021775274921222,-0.03376463807907184
2023-09-19,0.006161899908740911,-0.016930564270193287,-0.0009416470643566736,0.00013501858626715398,-0.0009359799373302175,0.006421049767433047,0.008294757615282457,-0.00124682998030957,-0.010195930852113828,0.004588376260533905
2023-09-20,-0.020194736883507525,-0.01714838747973992,-0.01675098364562098,-0.009928207337125712,-0.031017165948037002,-0.009295892906127673,-0.01785948762610823,-0.024268795649653407,-0.029876557429587107,-0.014780377139554338
2023-09-21,-0.008929327531418686,-0.04505328140436448,-0.02710467979022201,-0.009697401060209509,-0.02429139490115043,-0.034850033235684044,-0.013234956573217597,-0.0038731852018972688,-0.02935743403512163,-0.026588996104119158
2023-09-22,0.0049324750140730305,-0.0016251248796010811,0.025309247445961417,-0.008625496103040071,-0.0008377093387027592,0.0007449367212610927,0.011264294396835612,-0.007917901301249374,0.01435387415092464,-0.043236555785455495
2023-09-25,0.007353131325201627,0.01651413665688319,0.005784761334991995,0.004294374847218154,0.006985023232944289,0.0031737068825744195,0.005834137045289904,0.0016704542944513015,0.01460092591531797,0.008579557642104906
2023-09-26,-0.023676503745852735,-0.04113311252209692,-0.021454339313214266,-0.00635110371031949,-0.02079424065434178,-0.004136828010580562,-0.006235513893015988,-0.01715188341251646,-0.007393078667330107,-0.011687984544270934
2023-09-27,-0.008937329229630413,0.0,0.0007594197730232784,-0.004573389512140139,0.015407956843665754,-0.00045464782478320015,-0.004089167418824634,0.002080106769667041,0.013202525011957861,-0.014939798128788435
2023-09-28,0.0015244822740652397,0.0,0.018425831770109667,-0.0020144409038956846,0.012623470935409034,-0.009705765746025096,0.0206754785543451,0.002713785948668169,0.014516876726350547,0.0241549898062297
2023-09-29,0.0030418307188825543,0.009008352994332738,-0.0017082091083413273,-0.019113932691214315,-0.009661230452956809,-0.013535794599562084,-0.012413769008928698,0.006704902248970425,0.009470334304169216,0.015465456415727708
2023-10-02,0.014726524998090691,0.018240461143240686,0.005247659415420572,-0.006357595520228998,0.024868277028927355,0.0021572541530553847,0.021778996053451034,0.01897943970221392,0.029068233516251926,0.005500013317318054
2023-10-03,-0.007800176421430365,-0.0373007704408456,-0.024392343158405688,-0.014585216484062536,-0.013931008726587731,-0.024637300237066413,-0.019350401492751308,-0.02648158238015657,-0.02865470635747762,-0.020356864105244222
2023-10-04,0.007282124016370954,0.018115851921521226,0.010960463221222535,0.0018930120431316319,0.02203608833011404,0.011867679771928838,0.015300690069352136,0.017617077536630076,0.011969447517497808,0.05764957536105983
2023-10-05,0.007172158597392529,-0.008222697494164894,6.074677726585983e-05,0.003978212483490894,-0.0020568438692492043,0.018678270335305842,-0.0025884936676430666,0.0012533324651824323,0.014583916778088672,-0.0042593870629195184
2023-10-06,0.014642783006522306,0.015753318962097584,0.025643511390244227,0.0037026330718554776,0.019948162419902563,0.042908867938944925,0.03431368030110107,0.024436032213308083,0.023749169930162815,0.0018441397469999051
2023-10-09,0.008415750507723698,0.0023417029658428425,0.012485895731882435,-0.002572990678852632,0.00553499269613576,0.011504371780084545,0.009246027654889093,0.0077920148543988215,-0.01074333779749846,-0.0033063672235030548
2023-10-10,-0.00335790929277462,0.00946698516860395,0.0029517522497250564,0.008962424533511357,-0.002152783647882383,0.013118370577993626,0.010871678335907404,-0.004345009298977886,0.011529679924497473,0.015097007960672728
2023-10-11,0.007872933153169346,0.017986831598422272,0.018639059262545082,-0.0003730466323525452,0.01780033063074149,0.04385344144414144,0.01841029797051818,0.012197174426509827,0.021770876965205434,-0.0023926822540326844
2023-10-12,0.005048590021932163,0.003785588962598881,0.03487675321945727,-0.007981684605681523,-0.010000505363377698,0.008587112279361883,-0.011227562138202413,-0.00379756730078449,0.002965304504929991,-0.015789985181823882
2023-10-13,-0.010346146732708469,-0.019381108651019514,-0.025068585063779524,-0.0016504016029015597,-0.012263821185124247,-0.002131666324024347,-0.02964915031950265,-0.010411540412918191,-0.03212188783159458,-0.030395093236742683
2023-10-16,-0.0007271311382758029,0.021042247787508333,0.02171722533709908,0.0032980838677359532,0.013688632411537355,0.012138745933746382,0.0203201950716251,0.01487079865925505,0.013849833010516397,0.011088356477393282
2023-10-17,-0.008823659878266133,-0.008181257764936053,-0.02033681768207165,-0.0024290700667452224,0.003552574959635269,-0.013600697101901408,0.00883526336287841,-0.0017452261355430166,-0.047924966618575475,0.003655911168542864
2023-10-18,-0.007422322680245091,-0.025733286363791553,0.002969369695305187,-0.013114368195794897,-0.012202667870177542,-0.0017606133984240065,-0.0219364280689353,-0.00588984972345538,-0.04045414160444998,-0.04893148784195894
2023-10-19,-0.0021633359198678483,0.00210493209093831,-0.021883018470870274,-0.006563222518460512,-0.0021562976691660903,-0.02744646311456628,-0.013211088273052533,0.0036589046018021287,-0.002253922978593479,-0.09761624872658338
2023-10-20,-0.014813278207137362,-0.025477545009301914,-0.016498012481164538,-0.00830230219857445,-0.01624872457954388,-0.010481268985842616,-0.0133881587508628,-0.01413400927282851,-0.01710474399820729,-0.037588294506417
2023-10-23,0.0006938215582027803,0.011043686017449744,0.010012678065639232,0.002913666437688246,0.008447525365784787,-0.013760835592364793,0.017216958854939395,0.008079237969831983,0.03765175128764963,0.00042444095402800134
2023-10-24,0.0025399902805982567,0.01567921771001468,0.021671949365143,0.005300051021887988,0.015970358274426326,0.026997295526063236,-0.0046604087988339395,0.0036675720753667797,0.01588246466363672,0.020719371046622376
2023-10-25,-0.013583284630585453,-0.057387204557163146,-0.036381493715431056,-0.00512194801591545,-0.10091394330914268,-0.010128256762743416,-0.0425498124890139,0.030216812859550527,-0.04410725018985283,-0.01911750338776431
2023-10-26,-0.02491342663305478,-0.015106526502479031,-0.02729862007660405,-0.002198884305171197,-0.025830047018299683,-0.031807165469978374,-0.038039609545608,-0.03823609932447645,-0.03539730357619953,-0.031855023921114375
2023-10-27,0.00793784085613265,0.06609496003096194,0.013945218429751369,-0.013326180528435766,-0.00032409435432470524,-0.013950078975188141,0.028647662432291745,0.005838442458170631,0.004305527238012678,0.007456619810883741
2023-10-30,0.012229988963717827,0.038169415629497834,0.0034413721803568343,0.017037751475426896,0.01886466017367717,0.009734317841680716,0.019787333805079153,0.022485680190778755,0.016189252635399703,-0.0491375588495086
2023-10-31,0.0028149598966677775,0.0028592165427562357,0.00014263507411430815,0.011550892981580225,-0.003584891985372271,-0.02104332362209245,-0.004603110422074578,0.0023689775874541964,-0.009299472876388793,0.017479077618859314
2023-11-01,0.01856505036882249,0.028955362245697565,0.013657687029083168,0.00706493706157224,0.017954338844199117,0.0009563086750325997,0.034515455797455935,0.02326988055143016,0.03718625467589251,0.02371578467512363
2023-11-02,0.020482244611641172,0.007779930147075702,0.021297021554792395,0.015214546692297139,0.007886139945801916,0.04553340889138457,-0.003147559118241792,0.006480482892557912,0.027520891727932453,0.06060741733192271
2023-11-03,-0.005194762835946504,0.0038312748175106013,0.012976434749926782,0.007962054528445478,0.013825158076010539,-0.021741145166176767,0.011927295504309718,0.012779560981992356,0.03387473294388981,0.0066139872231546415
2023-11-06,0.014499594152622622,0.008191461641482902,-0.0020981461983955946,-0.014833307472418015,0.008250049714637143,0.04709391870150764,0.0038070564180479978,0.010517176174550544,0.016439947463459118,-0.0031418755173999516
2023-11-07,0.014347416680349969,0.021031053723631822,0.019104959679161298,-0.0013279200649980092,0.007201013973573158,0.007932269421713389,0.009517645565657103,0.011156645179354628,0.004449156998912753,0.013183964542986627
2023-11-08,0.005867621186380978,-0.004424354026475328,0.014716031843597491,0.00037539349439412825,0.006474477034637936,0.03150222351796309,0.003006593268742159,0.007378538363255406,0.013379700842059005,-0.0003150737899407528
2023-11-09,-0.0026280008986850805,-0.010471269344291862,0.00027434057586270353,0.005414150236344693,-0.011851379027233646,-0.04595787440881192,0.002404951714728149,-0.006934625687837835,0.008040733115616944,-0.056160489658582134
2023-11-10,0.02295460169988668,0.02083402648617425,0.04938668326773423,0.006812302488006102,0.017836806166615492,0.010748353998240933,0.02532010930135791,0.02459185372506902,0.02907268136458277,0.021996498496030296
2023-11-13,-0.008620709569533628,-0.006779695661997966,-0.011121445453498404,-0.0015701154779893599,-0.003137878975877977,0.024786043444676657,0.0012766505762053762,-0.008121255717593269,0.005879077088252359,0.04134183399945281
2023-11-14,0.014184670051270562,0.022262486894446033,0.02711771835303598,0.012041125165926429,0.01330527811899616,-0.0012434457740423085,0.021398280369283807,0.009742814160151709,0.021084257511172072,0.059438019477541446
2023-11-15,0.0030363253670111297,-0.017993607290294027,0.0025048112476774003,0.00714451878591687,0.006990241748784192,-0.03715747346493648,-0.010762050813606911,0.0004060395210181983,-0.015587129330511516,0.022614155469065075
2023-11-16,0.009001351981979046,-0.002587108521031568,-0.016383255714677875,0.008567628861730974,0.016868215133812696,0.00035682147485776835,0.0044383564586986555,0.017430361937196014,0.012036554793206766,-0.03883534904080814
2023-11-17,-0.00010532211744694246,0.016319176713110995,0.018769144033422114,-0.0025876632205403373,-0.012770476741087371,0.005014986639438876,0.0025403082702860767,-0.016943681185458602,-0.0036850521666854865,0.0030349323976646067
2023-11-20,0.009235433060807102,0.006522368493262836,0.018222553485055085,0.006664268036812178,0.007130939863590106,0.009904982519449835,0.014607423032057943,0.020314007766487837,0.02228614912528883,0.005533119144943252
2023-11-21,-0.004239896181570291,-0.015378098422388055,-0.014679783363984648,-0.0009136727018285931,0.005062590024441579,-0.008402018871456123,-0.008833687074556099,-0.011645357417275999,-0.009267345893089723,0.023490974516940124
2023-11-22,0.003508392104527258,0.01933932343605667,-0.009420559650055773,0.0022135808885916414,0.010048933345771612,0.004193161502857197,0.013294718456402184,0.012731101588756243,-0.024894901289707397,-0.029408274734311717
2023-11-24,-0.007028974941952867,0.00020445580612358505,0.00704311906795196,0.0024293433616689015,-0.01293867121383322,0.010048414667488077,-0.00959216685640573,-0.0011121371527082467,-0.01948403141945082,0.005280386261856706
2023-11-27,-0.0009480503861549013,0.006723903692254734,-0.029684292613040147,-0.003701549372162508,-0.0012306994702690273,-0.01604878948235109,-0.010491545163581325,0.003121591854850326,0.009706497905089446,0.0026721746625813217
2023-11-28,0.0032089195122507012,-0.00474961512561893,-0.004102163482241246,-0.003576456419815055,0.004120437338330694,0.00011828416116689512,0.012735932563244286,0.010744710995479016,-0.008765118497695732,0.04408335693193017
2023-11-29,-0.005424268778782677,-0.004840585148378569,-0.005850031063642345,-0.0037843642850445445,-0.01614468704664955,0.000439470796203534,-0.02023333473679083,-0.01011117227667511,0.006648666657732384,-0.010512266581044115
2023-11-30,0.003058060248423827,-0.001573209061844679,-0.016179823856640848,0.0036455189440362467,-0.018349126207898053,-0.0013866557762233596,-0.015318539761106557,0.0001584842707272719,-0.028871568541880815,-0.01676961998268328
2023-12-01,0.0067683615479579564,0.006413794210223246,0.004602017855773018,-0.008172169948010483,-0.004490207725873702,-0.011914086113088373,-0.007147480878328819,-0.01168020083162293,-0.00010696705135369118,-0.005220199323597404
2023-12-04,-0.009509712077376883,-0.01500697967354326,-0.00650497900043516,-0.00114890420998979,-0.020383473285616883,0.0028040364749342224,-0.014887759194866833,-0.014442604606675114,-0.027202962779408937,-0.01370144313218934
2023-12-05,0.020844441222685247,0.013986300502114904,-0.011812293074958648,-0.004580667783314857,0.013383236535438487,0.004208549711034635,-0.005420531677014099,0.009114771342571848,0.023026640549460107,0.013240755825754019
2023-12-06,-0.005703327177550534,-0.016198024273178,-0.01043636941825523,-0.007492136889690082,-0.007277903797466255,0.001868468439054206,-0.002642639900756336,-0.01003622003700843,-0.023092546027445038,0.002719129460769398
2023-12-07,0.010088358044377589,0.016198024273177868,0.020396170440392256,0.0009077192330941219,0.05203501550292969,-0.001664494263169509,0.02838509775794973,0.005812767445350052,0.023736533628653602,0.013568409275163597
2023-12-08,0.00738496780498592,0.003669683224747049,0.023616741829445554,0.0010767502694979897,-0.013159568405903163,0.016488285480893657,0.018685902052755957,0.008803357683263718,0.01934132984677772,0.004933396614923965
2023-12-11,-0.013011595426806145,-0.010432734440314026,0.08613204381280581,0.011209205925549373,-0.014299605053602834,-0.023704845842747423,-0.022704999181538916,-0.00786033493116879,-0.01867623501678196,-0.016957231787828677
2023-12-12,0.007889013876945069,0.010839635496016388,0.040966617362978346,0.008255726899383474,-0.007900468663895004,0.0012321394060144748,0.027113150987930577,0.008261018711029744,0.021849719862539026,-0.011452714531076777
2023-12-13,0.016553745341463057,0.009179334477907091,0.01610599485439204,0.005567523001672595,0.0024662884281885446,0.021552603858444385,0.001554541562554883,-2.6772959148592127e-05,0.009003235450103668,0.009573866272891631
2023-12-14,0.0007573276414771398,-0.009586235533609468,0.015299561575814323,-0.010858965816963457,-0.005764125124945642,-0.04069985895043059,-0.004701119216394674,-0.02280245864526105,0.005433398533656915,0.04797595720291628
2023-12-15,-0.0027294870067467274,0.01714963889276147,0.02079467919622101,-0.00453387227703373,0.00479326562448246,-0.002845425945962551,0.005238839452842428,0.013031979856882614,0.011106703308652321,0.009711688394547188
2023-12-18,-0.008539696584133775,0.026971809898698733,0.015162372409136664,0.008797079488304976,0.024721797333799398,0.013405273001708446,0.028550531568826382,0.0051655582560430876,0.02398893230024025,-0.0056173183184346845
2023-12-19,0.005345967115299568,-0.0018191003361762064,-0.0019024125197744488,0.005960219878817041,0.006611271781053066,8.635668718433747e-05,0.016518950620350286,0.0016355767898887494,-0.00949030648812775,0.020185249870892544
2023-12-20,-0.010771743665377994,-0.01091834083412718,-0.025957440145508815,-0.017988302772500988,0.011232759676880893,-0.016695802196606324,-0.003087373909601864,-0.00709791368111011,-0.030560712305358485,-0.0399767793773106
2023-12-21,-0.000770397289489681,0.011243426514228085,0.015114152428128677,0.002220716655317117,0.01520677518101064,0.0031342567411481418,0.01367723025242541,0.007847784843727276,0.01810550097607391,0.029345860784192233
2023-12-22,-0.0055628665108406646,-0.002733830879625901,-0.004721592912918751,0.0009261351608976336,0.006467010230389798,-0.0028185253493475363,-0.0019787906953474075,0.002780323041185469,-0.0032713141636271656,-0.007731210565404946
2023-12-26,-0.002844946039755842,-6.514686816695571e-05,0.008793858541775008,0.0010093519929500103,0.0007004760373384341,0.0004905808258679385,0.0040665146893813335,0.00021355115960970347,0.009153039528629534,0.01598774007390915
2023-12-27,0.0005178941596337667,-0.00045644547960358643,-0.005066308299315227,0.0003363098884872061,-0.009709483904499066,0.018817068798432642,0.008419134029965606,-0.001575951260706841,0.002796459333612587,0.018647455510860632
2023-12-28,0.002223766902917483,0.00026087992298881607,-0.0033443788555062525,0.0017354174994178198,-0.0011318541951950954,-0.0011354810032265512,0.0013684183237414667,0.003229551188860466,0.0021225813674350235,-0.032104151730159784
2023-12-29,-0.0054389313365365176,-0.009432812028151797,-0.00550318581321869,-0.002548210353885727,-0.002480487846992567,0.0035573057804318604,-0.01224247751511742,0.00202303817460152,0.0,-0.018738327073791184
2024-01-02,-0.03644261403469871,-0.013317252487412825,-0.02804473369842413,0.016131142511749474,-0.009768656894702377,0.01579449993673284,-0.021907329233995992,-0.013843995418115065,-0.027722128931236243,-0.00024148746074577508
2024-01-03,-0.007515871348575171,-0.009785543802100045,-0.025001759975673415,0.011766317219186119,0.00571589504038913,0.042158496707821826,-0.005269593802556554,-0.0007282256930682256,-0.01251364644585781,-0.04096122279932548
2024-01-04,-0.012781420511066588,-0.02661905587134582,-0.009081565763913448,-0.00840607705804308,-0.016667047906271257,-0.005193990155649084,0.007663578873840194,-0.007203438654252668,0.008978162664272454,-0.0021831499656647054
2024-01-05,-0.0040210430598460545,0.004623714384981175,0.0002574063320146458,0.005238136926288472,-0.004719896624086395,0.006569206458070307,0.013818635859909034,-0.0005165462496036888,0.02263847597844626,-0.0018509415250833076
2024-01-08,0.023887244272493394,0.026229678338986727,0.024076908524424873,0.0070594522340414415,0.022597401834299712,0.012020198848472156,0.018885721492743958,0.018695658355444872,0.06229930498992243,0.012386614576639277
2024-01-09,-0.002265989993231975,0.015109875810597672,0.0070827635220575445,-0.0034826143995071415,0.014341957048959861,-0.0008789610075234811,-0.0034354410662820922,0.0029315197239103133,0.016832791834027982,-0.023096839566935645
2024-01-10,0.005655417569288528,0.015470650615520465,-0.0017752708316916169,0.00277624500213975,0.008660528721408309,0.007501883931750036,0.03583301224035784,0.01840372954020436,0.022514589029320537,-0.004350632806278706
2024-01-11,-0.0032278087700181243,0.009387897135060054,0.017803377842945382,-0.012526534796426615,-0.0009044626250332209,0.008736949496028407,-0.0021616953422860566,0.004847539000104268,0.008647000311948979,-0.029145966144498332
2024-01-12,0.0017764974069196667,-0.0036152239546972612,0.0069756750006562725,0.0007703279312043558,0.003959575141684464,0.0112620011025794,0.012954249354784092,0.009934100546369432,-0.0020451468523088484,-0.03734939877742937
2024-01-16,-0.012393545282471179,-0.009487311793446907,0.0065508946133182745,-0.006954407676812752,-0.0011098703726425893,-0.013072570652593702,-0.01895058760871954,0.004622891469502474,0.030103538969201694,0.004649070658851297
2024-01-17,-0.005186902448098203,-0.009512302504832145,-0.01017762224127949,-0.005025059566369956,-0.008293620203876743,-0.00895952703140729,0.0024733680985528153,-0.0020519015317083064,-0.005852295579177727,-0.020025473044372827
2024-01-18,0.032051503686732936,0.011729719012639512,0.035811203342109424,0.008563512862644037,0.014589624175583609,-0.008879969387246804,0.02084701270180739,0.011233982828787655,0.018629063103012513,-0.017172815629643214
2024-01-19,0.015413702794437344,0.011915672389449407,0.057159425041670604,0.01264117463462741,0.020344793478589113,0.008355178887130343,0.019274427301668725,0.012113104868983022,0.04089826050293344,0.0014620115002590317
2024-01-22,0.012089796980514626,-0.003611493461086361,0.007649059075556626,0.002911388606997049,-0.0017585946290905646,0.0036524749658513227,-0.00436468429073188,-0.005432782018968551,0.0027362081500954503,-0.016105240597581734
2024-01-23,0.0066311994772026645,0.007979485588611064,0.004748919272456758,0.011024205198326878,0.006545433999835855,-0.0019040806528795883,0.008918220326700671,0.006009479968977684,0.0036644979149934053,0.0016270106278732431
2024-01-24,-0.00349002944005096,0.005433174197432314,0.022225138696939917,0.011886885851632221,0.011169563745463046,0.006363844742618032,0.014177242591885856,0.009133494665375778,0.02456499382806844,-0.006283434610725192
2024-01-25,-0.0016979849744504926,0.005594095679664069,-0.019220544280525696,0.011248560070999322,0.021646270893272274,-0.009640594717135175,0.006327465828331611,0.005721930749072424,0.004147032273775812,-0.12925817170128795
2024-01-26,-0.009053669863855772,0.008647102438040672,-0.020634227030294647,0.011876127298599794,0.000975800408340937,0.018360594506172074,0.002438665550183572,-0.002324561808351631,-0.00955578634655299,0.003389065826718794
2024-01-29,-0.0035923197924975867,0.013359331333490848,0.010641400546543042,-0.00577690658988965,0.006804367372145339,0.008954786509279281,0.017305118382696074,0.014232367550828101,0.02322441640485697,0.04105548959785763
2024-01-30,-0.0194335163819166,-0.014113732972622603,-0.007922766345218388,0.010307365513941954,-0.011627654399165008,-3.114584566345737e-05,-0.0023967005157768673,-0.0027617159147448733,0.004934629022978031,0.0034508226289791306
2024-01-31,-0.019547307952882006,-0.024189614134501332,-0.023584158799039478,-0.008846984586077973,-0.07634706852614463,0.0009762988655326228,-0.02510890251679457,-0.02731604750612358,-0.020064907136688608,-0.022699471099276523
2024-02-01,0.013252395448615166,0.02594906400632865,0.016815468044806554,0.007011408485587221,0.006397021379810328,0.022695588592729292,0.011822912308481485,0.015474030043487163,0.024087125843083382,0.008347821172369478
2024-02-02,-0.005419803899482987,0.07572554877189726,0.020072032436457044,0.011091346334591936,0.005798969553436585,0.010873090859336862,0.18496508280092472,0.018258146918433926,0.04851284818474621,-0.005042858776994556
2024-02-05,0.009798471848188309,-0.008768909348284514,0.015206325267446398,2.56164745184557e-05,0.009637245032040937,0.05613433527857056,-0.03335063481887019,-0.013637553596787415,0.046830599338828154,-0.03713468972636411
2024-02-06,0.008594694984687068,-0.006834432372405122,-0.01658759323369193,0.007597182413619238,0.003306448558087226,-0.0016581300801242521,-0.01026124036642849,-0.00039458493531853775,-0.016124845111887533,0.02206779799027196
2024-02-07,0.0005809344040341403,0.008125368023266808,0.027755028807385135,0.009906609849358308,0.008695919177108246,0.02845517833195279,0.03217822914099113,0.020890442710018713,0.02712663251001987,0.013309178288648728
2024-02-08,-0.005771253610832304,-0.0040544313336464575,0.013982175272235579,-0.0004276260620767314,0.003674750514722054,0.014099676270316464,0.0008726852309175917,0.00014501188651394628,-0.006555044285799167,0.010500153377802503
2024-02-09,0.004085499676308142,0.026781354306300166,0.00678609398419046,0.0021863303145745524,0.020172887368189424,0.0060711069252974235,-0.004029409017092041,0.015431695215630242,0.03515823494204136,0.02093365777497024
2024-02-12,-0.009042572020326173,-0.012168901576895616,-0.014471818721462613,-0.001633007298020108,-0.009968261507674318,-0.003925725471286385,0.0016862142829199656,-0.012658467186486262,0.001593002880287762,-0.02850600281752684
2024-02-13,-0.011338464947056825,-0.02170298682855135,-0.01060943035557379,-0.007343798353765699,-0.015994912096275245,0.007715054310628593,-0.018902174585435704,-0.021763835885602267,-0.001662298473681616,-0.022088768605910858
2024-02-14,-0.004821395831216922,0.013780303876272836,0.008409388299042362,0.0097797950882896,0.005246737809466501,0.020868246882191327,0.02819989251370417,0.00961900354551401,0.024270638001083405,0.02516701014711292
2024-02-15,-0.0015759679845564556,-0.006925273760105457,0.0022553926010534537,0.011893522823046414,-0.02198781704591174,0.000620509597918169,0.022459670655202203,-0.0071809750986198745,-0.01694958743883437,0.06035334314528131
2024-02-16,-0.00846618373545697,-0.0017094021256489145,-0.015606499627014441,0.006275910151537677,-0.015261221938755067,0.03153829490116983,-0.02237527312883387,-0.006168113167922627,-0.0006194294492384273,-0.0024975038337594173
2024-02-20,-0.0041222909239021785,-0.014439139136134756,-0.015315667638066311,0.002853148219644453,0.0030991170468590316,-0.034339914783587125,-0.0033224871909268007,-0.0031480580044885415,-0.04450813636420993,-0.031447068575792124
2024-02-21,0.004177309275896297,0.008996959517601153,0.0007335662362084411,0.005144563328931997,0.011466974861359731,-0.012986561134444833,-0.006856287678453002,-0.0015155994208941425,-0.028923071464427436,0.005199145723306879
2024-02-22,0.011181186780522458,0.03491338968982024,0.06118757414575565,0.014337780666802946,0.010236777833866232,0.03131789706302352,0.03794369339574765,0.023273777552869458,0.1518699230425543,0.013463405650618309
2024-02-23,-0.010084894959915654,0.0023457610294128446,-0.006558472058568361,0.004949666623894893,-0.00020653979596300538,-0.00012996886383475682,-0.004329187779438853,-0.003187369953714609,0.0035460049833383176,-0.027943686650054866
2024-02-26,-0.0074791694948468795,-0.0014869599257995307,0.00979478766735542,-0.019556231978331066,-0.046058054509837305,0.003087985953817113,-0.004742348652180809,-0.006847086604497758,0.0034831124053715918,0.03797371074003026
2024-02-27,0.008081664216919155,-0.006833819221537168,-0.009902818807079453,-0.0005623396790930396,0.009682826186074547,-0.00900496032357485,0.010962185830081855,-0.00014715312574442807,-0.004955951554758893,0.001653606167566249
2024-02-28,-0.0066474071277429,-0.0021920379551390117,-0.005267384233579039,0.007868041111708865,-0.01924181686032278,-0.00966754969864751,-0.006240557724813043,0.0005887837028524422,-0.013276953326201015,0.011499231283567918
2024-02-29,-0.003699939792723238,0.02057680546309288,0.008548437640607516,-0.006670474677478698,0.01695502800715619,-0.005240470461917472,0.012544480229770245,0.014415455749368368,0.018485658327204533,-0.0007921787106965236
2024-03-01,-0.006048710939135599,0.008225899848415687,0.07313831210051365,-0.005609275103836067,-0.012236501897885999,0.03704030856950576,0.024526808537935017,0.00448643797195412,0.03925134570643551,0.0037575170226514664
2024-03-04,-0.025708872582598234,-0.0035975271186564546,0.0022059041355684357,-0.009179510979749247,-0.02850203218431795,0.01290668799726487,-0.008215918656246277,-0.001396864588529499,0.03531963071645601,-0.07424463938175002
2024-03-05,-0.028853291796708567,-0.019676533274039055,-0.043365524475556805,-0.0065910586385436645,-0.0031346005462865945,-0.01871543641149443,-0.016127306118398937,-0.030018025729353952,0.008539960091495553,-0.04012679843323044
2024-03-06,-0.00589557381283995,-0.0035094856867787733,0.005384872127954446,0.008003028408845475,-0.009161281655449252,0.0027995547600098885,0.011903077786051357,-0.0013917876112955012,0.031331297629692334,-0.023512123304642613
2024-03-07,-0.0007098102850927783,0.018897104445031784,0.041362297551811505,-0.003894038019774504,0.020015696017312942,0.0004999867421721982,0.03193833634143541,0.017381470529148704,0.0437740708224776,0.01188110874296599
2024-03-08,0.010184690433766934,-0.00834829600574499,-0.07241740455536258,0.0018868820057756687,0.007733853270915756,-0.023368729849292346,-0.012257749800704293,-0.007162511469981573,-0.0570751633518138,-0.018701625030085045
2024-03-11,0.011762151709294158,-0.01952208072253206,-0.011991575287223371,0.003985636997044788,0.01925733556115606,-0.03711721431042383,-0.04520052583627629,-0.004193676908696525,-0.020242833960183892,0.013763678693560029
2024-03-12,0.002774652030799914,0.01975013161880721,-0.0009594473613214982,0.0005433873106879787,0.004882227765599844,0.027638490280683787,0.03287056736476436,0.026251749678000126,0.06912662070128968,-0.0012947061441473569
2024-03-13,-0.012196563882734436,0.006648685830772736,-0.026678593219076837,0.007748052768862818,0.008203040517216213,0.0038207445321075677,-0.008399360226939177,-0.00043344130376296727,-0.011214558027565411,-0.04646099727496628
2024-03-14,0.010868049850952128,0.012327433453265669,0.003491831637798728,-0.003436161418454475,0.025044128622561546,0.003806201989045906,-0.007575482255112634,0.024087190531348536,-0.03292779309760265,-0.042056898779332184
2024-03-15,-0.002199045774919264,-0.02452200827324045,-0.021435935629532953,0.0034361614184544734,-0.015148133155493695,-0.008660750370615753,-0.015841617149468867,-0.020912287323658817,-0.0012174803813077809,0.006563076277915342
2024-03-18,0.006352276554049853,0.00034392410567333365,0.0014073635542000645,0.0006858176876611213,0.0434267384918892,0.011194562676222188,0.02625826429800947,0.002158915065026424,0.007011218142846519,0.060664152342604714
2024-03-19,0.013493599292675832,0.008105519638180665,0.0006222158674122308,0.008169098305564844,-0.0037786562181970234,0.01318210553818603,-0.0014900920520305103,0.009752891415985948,0.010604432949345615,-0.014372034891457558
2024-03-20,0.014602067792212238,0.01271024074657137,0.03447454582637303,0.010508934119996118,0.011828116828911162,0.00010355639244028713,0.01852792854812117,0.009024008680229297,0.010836112385443476,0.025017133837829976
2024-03-21,-0.04171566046569517,0.0,0.05489186685327001,-0.005615184515812695,-0.006299772000269809,-0.0033698501525141157,0.00442131489015878,0.009688775300221133,0.011693837545264657,-0.016299696542812377
2024-03-22,0.005296210532323315,0.004033399915744371,0.004049700653438688,-0.005282409876821585,0.02016633870059109,0.00045427270842266084,0.00357791253730781,-0.0014683788920848099,0.030736215111155353,-0.01158171211632812
2024-03-25,-0.008335027702580922,0.00468522019633587,-0.0013974295456400164,-0.004089967323317404,-0.004093518130738568,0.0032777420882540245,-0.012956914569955706,-0.013809492292222066,0.007533356410116553,0.010481683435756076
2024-03-26,-0.006694908836987273,-0.007876935918428052,-0.014975682337361467,0.004017081336654207,0.0036322158954038963,0.00227391725072829,-0.01427576303208072,-0.002865586162379986,-0.026030049233939534,0.0287772826285837
2024-03-27,0.02099080017257106,0.008544428374293455,-0.009629466921897603,0.012939191631333528,0.0015808088104718539,0.00422374160587309,-0.0041020685849067475,-0.0005218460918560931,-0.02528432334824781,0.012084083617363902
2024-03-28,-0.010615301994566445,0.003053793447902987,0.005052644871456111,0.008573690148731853,0.002103865309669974,-0.00028272062870163354,-0.016908049044439283,-0.0016862118673328257,0.0011738849991060052,-0.02272190773999231
2024-04-01,-0.008491786216401202,0.00326551461029285,0.018575403872381352,-0.0007611971206255255,0.027466433140463,-0.022633209238390444,0.011812664569390572,0.00910936466337586,7.743876482884158e-05,-0.0032477284143495326
2024-04-02,-0.007023310924079945,-0.0015484091821309372,-0.008553289827493704,-0.003050814503263052,-0.004033729229476322,0.004473619485725277,0.012177518725813715,-0.007399413370463067,-0.01013267450683483,-0.05026651935105258
2024-04-03,0.004785900401385538,0.009474051539763393,0.01809831937392163,0.003145950449333535,0.00320269437806976,0.015624066501335443,0.01866381884784236,-0.0023518463683585224,-0.005470425384810115,0.010447544054431742
2024-04-04,-0.004904363265139775,-0.013300069884866008,-0.0341062208373222,-0.01177662833712193,-0.028739263598726618,-0.010245598243253367,0.008215032521407739,-0.006131309831851795,-0.03498975794989776,0.016083269202606634
2024-04-05,0.004491752427682691,0.027777320574842966,0.016508048473004595,0.007914250444756498,0.013077219801494677,0.020782906883763236,0.03163250239353846,0.01811765090980615,0.02418575490738332,-0.03696743555877544
2024-04-08,-0.006685850495383521,0.0006481667921116775,-0.0024891021413555683,-0.006350430304328579,0.014190125247813492,-0.008863366237798346,-0.015460051195609094,-0.002187954176957748,-0.009992052107091722,0.04783676362708771
2024-04-09,0.00721643492575744,0.0025885563003378185,-0.0015129943748554014,-0.0030818861791226996,0.012727685329608487,-0.0261332538369929,-0.004536083437369613,0.003972443775909108,-0.020628462552084528,0.022295607975213145
2024-04-10,-0.011201733148672378,0.0015069094018642995,-0.008816338707881295,-0.01354722629944912,-0.0030398799553368306,0.006240078415150281,0.005652426656248018,-0.007109724473509619,0.019549043584523158,-0.02937344256551801
2024-04-11,0.042360833492573045,0.016533742520170792,0.044439002586499916,-0.0036732337652745648,0.01965823886980788,-0.0031414913794147164,0.0063854325828052,0.010972938268022365,0.04027450936428209,0.016399556773736196
2024-04-12,0.008589639806199695,-0.015566165935951603,-0.028162402512676078,-0.010729259540330553,-0.010000639784809553,-0.01052132579755748,-0.021758028230836716,-0.014191302467462578,-0.027182615803117684,-0.020541749097701737
2024-04-15,-0.02210613778078149,-0.013577002419975346,-0.025148392569451977,-0.007467179078943248,-0.01812922257175117,-0.0011581822839155558,-0.023061230249608433,-0.019772175859269797,-0.02508927024291691,-0.05757465973833702
2024-04-16,-0.01935318178164397,-0.0016350785294987403,0.013918190535165123,-0.00837957747181667,-0.0021132581584338917,-0.0053822515239446336,-0.0009400081838276027,0.002269719193105857,0.01630799194577427,-0.027435068682222955
2024-04-17,-0.008180857407813146,-0.011190509048215303,-0.03555936634836508,0.002063718052703362,0.005625233640334597,0.005382251523944772,-0.01124839333018937,-0.006631057537723251,-0.03943350602128518,-0.01062208397137564
2024-04-18,-0.005730791009904676,-0.011428682278624262,-0.018602792007096084,0.005391044991145737,0.0036902017967066396,-0.006440663493035685,0.015321997027668798,-0.018551885184685292,0.007539795904198383,-0.036155647217109545
2024-04-19,-0.012287699576538727,-0.025944630354616176,-0.04407100572331709,0.012894999396017001,-0.01111190760269696,-0.02668176993039902,-0.04218883737767858,-0.01282081870424129,-0.10541171596789523,-0.01939578390268632
2024-04-22,0.005078015851766001,0.01477882204751945,0.016261064715767784,0.009092565711689433,0.014218980058908889,0.00688790803520959,0.0013710117961342196,0.00459960402877094,0.04262194967318514,-0.0345935559693179
2024-04-23,0.006371297762529131,0.0129496869735391,0.019995422507003993,-9.787783905338203e-05,0.012395198103327424,0.01944522240790771,0.0293937418718831,0.016350995619278618,0.0358810828065388,0.018345226676437152
2024-04-24,0.012622365144578112,-0.01656734624660272,0.006089406169358217,-0.00684920380963022,0.007351597022147789,-0.01825627198808697,-0.005254711314954467,0.0036491065182133854,-0.033883527581642744,0.11387415621830609
2024-04-25,0.005134048880021462,-0.016673704471388103,0.029477980102433896,-0.0025652001451821915,-0.0197467951254752,-0.010061445829381179,-0.11161667609977291,-0.024800106136358288,0.03641606846212998,0.04845814470471284
2024-04-26,-0.003478894419064184,0.03368654484295438,0.03763949261850115,-0.006964000151228416,0.09499361341567072,0.011848955473106994,0.004318055553535078,0.018079341333466968,0.05992386692188887,-0.011168015552988686
2024-04-29,0.024505236632718516,0.007432568410519159,-0.004062937410091973,-0.0028391786857817026,-0.033903549875060814,0.005017976632733034,-0.02436451821369115,-0.010067265985922594,0.00025071493673582874,0.14242723171122051
2024-04-30,-0.018439768190887336,-0.03349007554568368,-0.029067329310913236,-0.01060567414624845,-0.019607295162912854,0.05784393712858831,-0.005679156540205969,-0.03264652859161502,-0.015560826701060548,-0.05710084205665045
2024-05-01,-0.006065468441831076,0.022599831917240992,-0.04515672682905425,0.004652220965975661,0.005632778512752091,-0.005584604974866572,0.020751517134232615,0.014306662358232376,-0.03967635056989633,-0.018113707174260838
2024-05-02,0.02179270387131245,0.031455365813882176,-0.003457739416773368,0.005055241251380409,0.017304353389354713,-0.02719629626460503,0.005653606818371721,0.007315959305424003,0.03288267231887862,0.00011105007606901516
2024-05-03,0.058095418485690394,0.008033933494385928,0.03142489626306752,0.0006737345714086493,0.0031412095310963234,-0.02809257689580048,0.023007961262242606,0.021927535764406203,0.034045674362963685,0.006533843535574036
2024-05-06,-0.009148364316115586,0.013283331052944075,0.024881401982417246,0.010052376852939136,0.0049583607808075005,0.04223977884618562,0.029905025731439182,0.01677676665753281,0.03704633753746043,0.019511437908750914
2024-05-07,0.0037899999615074132,0.00031790155490520083,-0.005510109740503828,0.003008413924028262,0.018377984600538737,0.014361442523410312,0.005482282008267068,-0.010208086216130308,-0.017362773483862618,-0.03834210509362018
2024-05-08,0.0018623078969590536,-0.004034374926922967,0.016937991782999717,0.0005660988101749092,-0.010577161141928613,-0.0035678661357322864,0.009268461636418836,0.0029272660709213825,-0.0015693471473576998,-0.017530851194269642
2024-05-09,0.009964543095490441,0.00794706169253194,-0.014975421497238371,0.006010916661137027,0.002450866326492901,-0.004461653329703543,0.005949251089590666,0.0043263676123198175,-0.018587351688245563,-0.015864649448707812
2024-05-10,-0.00691410997055208,-0.010716874256865036,0.020565748430745556,0.007869692296929784,-0.00754682404882471,-0.015082910987010355,0.0016393516878424593,0.005852105845904507,0.0126634357480533,-0.020562350450525728
2024-05-13,0.017491481196159807,-0.004865607224493341,0.0035276975623793356,-0.0020163175253236757,0.003575722012173758,-0.0030309468456594666,-0.017348321616598127,-0.002462428885855997,0.005780174275199313,0.020097034145307512
2024-05-14,0.006154562653617464,0.002676374471979152,0.031295625638058454,-0.0023860235713599404,0.0060088528166945595,0.008254040268666253,0.008171507115731766,0.00684107764329781,0.010530766554093395,0.03239754278801776
2024-05-15,0.012143924599635762,-0.005789979151338669,0.03987458213454572,0.006124003419256012,0.011277977790864773,0.03141514111430578,0.020328120636227232,0.017332881699123753,0.035210442077736534,-0.020254418706909572
2024-05-16,0.0006322631701779181,-0.012770048240180699,-0.016880751647465782,0.0008717619320781256,0.008874701589337548,-0.02040973854022304,-0.01740779122605333,-0.00495225405897007,-0.0028678489226374036,0.004873391179277019
2024-05-17,0.00015796307732513182,0.005809980560830076,-0.011996853356152491,0.009204236570903426,0.010546678070449256,-0.0014533951461244692,-0.002793195156684796,-0.0018544877430463312,-0.020125144197975283,0.01487402019069651
2024-05-20,0.006143259148782769,-0.006300279871404103,0.013341462975894,-0.009494739448791995,0.006577738874823887,0.01697201892266627,-0.0065267827830356685,0.012134321038194909,0.024576899203152796,-0.014245067870223688
2024-05-21,0.006833825991806873,-0.00212713491141393,-0.010543177358835473,0.003311689757585707,0.00603349635130578,0.02520381308920213,-0.009020096939042559,0.008661255293306249,0.006373455597292217,0.06446711975223302
2024-05-22,-0.007566976682942491,-0.00010914608364277473,-0.004986615687780872,-0.0009174873634390932,-0.00861445766715378,-0.0003237801694370456,0.00675667433161382,0.0034436485420721846,-0.004581394984139416,-0.035399542384592614
2024-05-23,-0.02128295629608956,-0.011423056748417279,0.0007538947587250225,-0.019784233914109807,-0.016654793597886883,0.0068762186024360974,-0.004284706663296238,-0.008209779045575445,0.08910592282029671,-0.036007818288810785
2024-05-24,0.016452047066028146,-0.001658392028660058,0.010388708972378527,0.0037624969399814453,0.0072284827743686825,-0.0012624119257571632,0.02635749194830245,0.007373283356154422,0.0253974847332531,0.03116576011599187
2024-05-28,5.264516180100963e-05,0.007715628907514658,0.0032691989560509078,-0.008652750923136329,0.00953870625206412,0.0005323623235197216,0.003548589730538946,0.00037188597990190747,0.06747580195310399,-0.013989415788236143
2024-05-29,0.0015778263738862384,-0.0007138953246986688,-0.015540122488533193,0.0004703089077955797,-0.0034889388182501634,0.004532646795096442,-0.01165303084067706,-0.0026759885488377363,0.008079565284692728,-0.0031733327174769638
2024-05-30,0.005241353541400238,-0.014944634490046925,-0.01930530330983088,0.01112350368191727,-0.02188364636833167,0.004340275508479056,-0.015530182193442975,-0.03437010783395994,-0.038393684837168346,0.014648923152829736
2024-05-31,0.005005946889018693,-0.01619107105787046,-0.026392261650536902,0.014070556169084683,0.0023020109926001897,0.006457234934053277,-0.00047115619686136605,0.0011086933211894858,-0.007877070874335363,-0.003978997402597566
2024-06-03,0.009216244954085035,0.010710931098535235,-0.005017901686579753,0.0009407124447974557,0.0026408218302722956,0.013223716493925102,0.02257812800641805,-0.003885890412648684,0.047793670173219185,-0.010102569596006488
2024-06-04,0.0016478511105568932,0.0055916049316681584,0.006725077069658428,-0.012762230959255282,0.004062409082693836,0.0015986774800447385,-0.001047745487503699,0.006147675513612708,0.012418233213633598,-0.008659479988969872
2024-06-05,0.007790500988853261,0.010759365441920877,0.059983596575680996,0.0007810962888569187,0.011016633074705318,-0.0009973649779701152,0.037183461977036446,0.018903523712230978,0.050270740404491226,0.0013151256990527008
2024-06-06,-0.0071217871987940525,0.02031303453242799,-0.008399803239868678,0.0029965561012320393,0.007202641358035973,0.0066265117769138725,-0.0026293617559107656,0.001201986009919822,-0.011847152072545065,0.016660454613497404
2024-06-07,0.012315806298214065,-0.0037909438439048654,0.003824866131293441,0.006401609367813324,-0.01354804167618837,0.015054106339884119,-0.0016215690786575243,-0.0015794073451220125,-0.0009094246197788695,-0.0025885260992180074
2024-06-10,-0.019333452055730862,0.014864526720524128,0.0237654590352635,-0.007058604899080197,0.004994630387542816,0.017504948048001387,0.019366624466287397,0.009439742624362518,0.007433745039152108,-0.02101026729322036
2024-06-11,0.07013143570927388,0.0009083768397987709,0.014172302099727111,-0.005638900261018928,0.008793268397731917,0.0009475312901147031,0.009642914164917875,0.011178998827873394,-0.0071696781090213385,-0.01817434057762428
2024-06-12,0.028177677228540143,-0.0018175795783648761,0.02332557346337725,0.0006607095014449885,0.007658992619940097,0.0017078712736986062,0.0026960361516639637,0.01918254981001722,0.0348659436469226,0.03811347747393242
2024-06-13,0.00547610994896689,-0.016508777761010902,0.11572523392320577,-0.006996494870775708,-0.015829639390478614,0.018313960440998117,-0.00935894160039807,0.0011783024778814655,0.034617479712973,0.028799010597446485
2024-06-14,-0.00820198851410739,-0.000925185330377967,0.03283802592434393,-0.0009365955199306363,0.009180211322633268,-0.00553984192254846,0.0011114006327335598,0.0022394214375909215,0.017362593872935258,-0.024746085007725318
2024-06-17,0.01948052624244421,0.002175536021534634,0.05266778639092124,0.004379601874154063,0.00229600341903594,0.0074399111787586064,0.0048872868509451375,0.013020107440488546,-0.006847853098990491,0.051619109593938894
2024-06-18,-0.01104528279748485,-0.006814429382413544,-0.014512566481291246,0.001545512512719911,-0.013118437841604222,0.007261633421536339,-0.014193404345229931,-0.004537741798199546,0.03451725335226585,-0.013860022086213656
2024-06-20,-0.02174767862923715,0.017836847681061675,-0.03843195391194826,0.002937174258170486,0.007115474959561638,-0.006154872818915923,0.004414798641048677,-0.0014349154868226119,-0.036045361815337754,-0.017957490517488177
2024-06-21,-0.01049931389601775,0.015886019163884733,-0.04476176081603178,0.0011480666820565311,0.014247151237233894,-0.0023843622939636335,-0.013889145797191907,0.009112473026919915,-0.03272101202125787,0.007899471520701
2024-06-24,0.003127755763054905,-0.018738006784044702,-0.037698829825133326,0.010587801280053691,0.002935933027479502,0.0070237187901518025,0.00831250803019269,-0.004702205803553092,-0.06917910369433318,-0.002352322975825913
2024-06-25,0.004458185779987519,0.004140733544431204,-0.007198193115497678,-0.007297467916245376,0.026149940233809527,0.01615884349823219,0.023160795427340192,0.007300091036539848,0.06537947686260907,0.025790114652126835
2024-06-26,0.01979605820904732,0.03827288718411035,0.007066363828175686,-0.0017290932442120713,-0.0011322721006882515,-0.00371011446034805,0.004923251284357362,0.0026796389477235947,0.002455613904479656,0.047022052078927956
2024-06-27,0.003978077287931497,0.02166336912708652,-0.0033598615652160745,-0.005646481059823166,0.008005905895513124,0.00859530025880748,0.012472516203874077,0.001524902455500848,-0.019250594880854455,0.005332819818052439
2024-06-28,-0.016387759458710908,-0.02352451121310858,0.011822644341385802,-0.0028230136307169857,-0.01858111270582038,-0.004034368993154353,-0.029969616030586947,-0.013114222746575699,-0.0036359050466182935,0.0023273813203096337
2024-07-01,0.028689110218895603,0.020233739225558187,0.02173003516646231,-0.003965535242403427,0.0058167117577864885,0.009880596279327811,0.0009118894960962727,0.021645645892207608,0.006132995946249055,0.05877983360300819
2024-07-02,0.01610946599371008,0.01409893985494711,0.010114477921670589,0.0047027715770527525,0.011425561013903775,-0.008412632834057267,0.00950527377769439,0.005567609468474982,-0.013200170177767546,0.09710195030947986
2024-07-03,0.00579423013122545,-0.012123208336190894,0.0423720653887611,-0.0032724009613314675,0.004171139095911986,-0.009541277765028323,0.0009024437636121116,0.0032389494078197433,0.04471755018020555,0.06337304899541438
2024-07-05,0.021389933954536786,0.012123208336190851,-0.015097102403534422,0.013220317398113334,0.02409502786822447,0.01817256180188229,0.05707009712052087,0.014628696488137362,-0.019283589295737355,0.02060688228437311
2024-07-08,0.006517639514024273,-0.0035563498917093785,0.024673898101829628,-0.005096083824798534,-0.00773983336444141,0.0037434535276206406,-0.01980915861034488,-0.0028271801931745453,0.01865969129346986,0.005629789876539415
2024-07-09,0.0037677405742866502,0.0002508745118109151,-0.007214391368059885,0.00351391890194764,-0.00021001835772409651,0.015671743590193694,0.0012837847316626645,-0.014474479937605072,0.024502500915943918,0.0364508858978897
2024-07-10,0.018628989941495935,0.0022548901390979956,0.006543972594381523,0.007933997390387674,0.011589820737375238,0.007776709019587902,0.008810164555334442,0.014495964877435027,0.02651396654921895,0.0035389720904070512
2024-07-11,-0.023494685687299184,-0.02401082970854252,-0.02245464670481816,0.01198710004334661,-0.028215354389563088,-0.006019534215066502,-0.04199628529713953,-0.02508405747982965,-0.05727617155003322,-0.08822077208547265
2024-07-12,0.012966418053449842,-0.0028751754997392003,-0.003099887816213757,0.013424939308186735,-0.0027801623545141126,0.015150029087123307,-0.027345366821075134,-0.002532461185354235,0.014339465197337392,0.029434316513726216
2024-07-15,0.01660468802939252,-0.009142411458262565,0.007924161641135474,0.02324118022766052,0.007520614274762445,0.0021697096325203782,-0.005447045751391791,0.0009035769201609267,-0.0062093524500237245,0.017609829570940913
2024-07-16,0.0017902001923107086,0.0015554679731073517,-0.01197186989671276,0.010259743802681277,-0.014397202277954286,-0.00936558649803074,-0.012921713355122759,-0.009828739088991784,-0.016326926779439317,0.015396997777534727
2024-07-17,-0.025621385322391412,-0.026724318518412248,-0.08241696297353222,0.015172514352397876,-0.015647428528776035,-0.03899379479945709,-0.05843353290381489,-0.013437435528738568,-0.0685351147779471,-0.031919700332288976
2024-07-18,-0.020748550414117713,-0.022493376002440963,0.02869074665382365,-0.008541521248773354,-0.018793350509260454,-0.06464531439351497,0.029559457020048252,-0.0071275677789747575,0.025934168375685535,0.002933302220995548
2024-07-19,0.0005796905119756937,-0.0033798282769946274,-0.019945915536284983,-0.01677567563921517,0.0009480649313962358,0.010044790622006134,0.001973491805250228,-0.0074304397242033965,-0.02644277351912388,-0.04107613843938729
2024-07-22,-0.0015614976748628193,-0.003172184996925187,0.02330429616793601,0.003469495684219781,0.021834740233008344,0.009864091747722232,0.022008927410805852,0.013249524829259228,0.04647376009196159,0.05018271902171053
2024-07-23,0.004677333115643562,0.02092444370758336,0.01668610107310143,-0.004528798125895121,0.001362628512061838,0.01412650326509347,0.002643235962604596,0.004302793091086253,-0.007719551688195668,-0.02060764898795659
2024-07-24,-0.029175765249972757,-0.03039119500388669,-0.07893404415896899,-0.00279189848304424,-0.05158007938611024,-0.021183882732464795,-0.05774483802148437,-0.03651334883394349,-0.07045642621205736,-0.13164294360339135
2024-07-25,-0.0048161421090269505,-0.005434169444389781,-0.013839311315705701,0.0011315701747218235,-0.030334404457177982,-0.046038348921507176,-0.017186694275879648,-0.024785959260754362,-0.017393295143121327,0.01953112906763447
2024-07-26,0.0021586523090233348,0.014626968944213104,0.01575367915942905,0.010035092091482008,-0.002841680987574573,-0.020384404917223334,0.02674486271769214,0.01628633171393512,0.006922871900469195,-0.0020452089625195087
2024-07-29,0.0012838344491735436,0.0038282625594168156,-0.00934247377415832,0.0014840554239877002,0.014420152365313813,0.0039319274793929776,2.1448702428198234e-05,0.003427319229993263,-0.013087187160969046,0.054450283723543685
2024-07-30,0.0025626648648227695,-0.008166388972744573,-0.045626408716897875,0.006707875993774672,0.004256655894040512,-0.02200329594579865,-0.005425808181862029,-0.008968421637669992,-0.0730400140981943,-0.04170207944562914
2024-07-31,0.014879634769323111,0.02858958980412218,0.1129403045127056,-0.0062744811992140334,0.007478052726304645,0.0176362805901718,0.024819508781132843,-0.010864725760643719,0.12055343017636118,0.04157282172336867
2024-08-01,-0.016892639056371814,-0.015685476578311947,-0.08884607742155914,-0.015374140783736098,-0.004050941315585945,0.03442609690275433,0.04712098398406502,-0.002968486155289779,-0.06907217537204946,-0.06778709499652093
2024-08-02,0.006845942540139771,-0.09194763210362274,-0.022006144796266242,-0.008021741692385722,-0.02376525080658153,-0.03418992199141622,-0.019475541389220544,-0.02088241429339909,-0.017923689366981577,-0.043301714320780345
2024-08-05,-0.04936569457523078,-0.041839920325843556,-0.012172258299094747,-0.03477450987595923,-0.047176193416964635,-0.036972762830011684,-0.025751763127064366,-0.03320207029523693,-0.0656888892553641,-0.04324862022379944
2024-08-06,-0.009795988070379302,0.005635490449044775,0.01286731794503921,0.02014762781273967,-0.0006228004528374273,0.02285173798069576,0.03786715161551326,0.011223638530266455,0.03713177025588072,0.008810602088580683
2024-08-07,0.012420756122404042,0.005174089797253657,-0.05461939410907947,0.011493777538437612,0.0013072811706026988,-0.026884286435949555,-0.010518741588498451,-0.0029572805378589593,-0.05258146862017569,-0.04526769292244102
2024-08-08,0.016496404051269255,0.0184440734555928,0.06718606851519247,0.010529401100901113,0.01903997781681906,0.09053753225389763,0.04148606390177044,0.010635274341100506,0.05946421997388122,0.036255901329012616
2024-08-09,0.013642488069422087,0.0068522199395901024,0.017143140103128427,0.000301212637680824,0.009416048332086329,0.05340392663480597,0.015846196911582833,0.008235344092828473,-0.00209800903694486,0.00581690373893266
2024-08-12,0.00710462459364481,-0.0008389728264874979,0.002425263186363322,-0.0029696301377388195,-0.008744838669658729,-0.008220569763970943,-0.003521330383679977,0.0019438622878907932,0.03995475200389568,-0.012629388585244743
2024-08-13,0.01704688421802761,0.020354930507755713,0.04948845837853923,0.004682412289029838,0.012004445660800346,0.02641262102764914,0.02410863126418131,0.0175439069465613,0.06326502121576123,0.05103246867853809
2024-08-14,0.0020316637877281695,-0.0007639034445704183,0.009749921694834482,0.013917176503309276,-0.023784473838113322,0.025690000566963214,-0.00337336746898568,0.006860264948296264,0.016566005426038654,-0.03152675190710158
2024-08-15,0.013439862916740965,0.043090966761615855,0.05213957527889055,0.005390592311708242,0.0070111156297368105,0.001289010952840562,0.0198672985759633,0.011754478143694309,0.03968316141228651,0.061436309145650216
2024-08-16,0.0059010248672278845,-0.002988857651035908,-0.002471027227650204,0.008290584341944015,0.009575940538601488,-0.010206743741929297,-0.018615271779779712,-0.006098923380204281,0.013902549573822361,0.00920378250292453
2024-08-19,-0.0007080426405766387,0.006530104639669463,0.011936762218010814,0.009537908715333308,0.021973497228927438,-0.00033626209689166406,0.0035204903572545894,0.007285762978957867,0.0425863429086261,0.0300815962441386
2024-08-20,0.0027408939993590347,0.0036964682293246748,-0.010549828892130868,-0.0009140340917591901,0.00331999725789475,0.0300912393011214,-0.004829580711470944,0.007727498453534393,-0.02138078556954926,-0.007300267158314731
2024-08-21,-0.0004857452157849812,0.006852561474421805,-0.0010249672467110365,-0.003933095409058161,-0.007902803955874995,0.002103128208113911,0.015877629675386692,-0.0015548317503941162,0.009775309332342963,0.00976670507756732
2024-08-22,-0.008293974668945993,-0.02234539227075752,-0.020968728366551035,0.005426344863770182,-0.012848429667686513,0.002308382169007538,-0.00605376502604671,-0.02046065774040898,-0.03774635256359785,-0.05813634375381778
2024-08-23,0.010235541444120177,0.005153271352930898,0.024461302288439454,0.00964093877372592,0.011654519461286131,-0.0014998485554592188,-0.007415646632883205,0.002979542744009619,0.04449391163285584,0.044835591431516886
2024-08-26,0.001497748375551397,-0.008736614913990125,-0.04135816171577789,0.002445252978084465,0.0029818796386837263,-0.0023222704690518603,-0.01311588530171272,-0.007949212950208626,-0.022750469945266943,-0.032803441227522996
2024-08-27,0.0037345190305966077,-0.013654075452589952,0.011027763198859048,0.01341923861354001,-0.009272873597114916,0.004146914822420362,-0.0038839000844106083,0.0008461035391490288,0.014445287603533774,-0.018939062709292416
2024-08-28,-0.00677637033538276,-0.013491668231426824,-0.02009018029943985,0.008560160028887836,-0.011363785937301073,-0.005821099444541607,-0.004479213928460455,-0.007859829627834686,-0.021189430950812056,-0.01667672472989858
2024-08-29,0.014465046425066791,0.007698580379841969,-0.007933735981194954,0.0081032830942281,-0.006709404036489423,-0.009252928098683645,0.0027825545638027046,0.0061185729178883696,-0.06597790028789707,0.0025726237078790366
2024-08-30,-0.003443808732549929,0.036396721617948,0.03684548691270212,0.015991229668996923,0.010410807465437781,0.020861501484800458,0.005945093117261599,0.00968377327577239,0.015023966297261318,0.03725544123667223
2024-09-03,-0.027582183004817608,-0.012685159527315687,-0.0635809449252511,0.0019102039805401086,-0.04016355990166665,-0.003641925414721724,-0.018489159315928226,-0.018631556827168928,-0.10009674040291065,-0.016529275820300126
2024-09-04,-0.008656053314703569,-0.016706139175178974,0.0086670769049209,0.003642500914642085,-0.005056593119591364,-0.010741965737060993,0.0019130673494639956,-0.0013197172494051018,-0.016712974526703162,0.040981513663141275
2024-09-05,0.006903831130414997,0.025968075788917713,-0.008470611468755548,-0.028937129331775998,0.004993591424015662,-0.036108195938033445,0.00800318140784761,-0.0012480050229006436,0.009371276819220358,0.047876016035803666
2024-09-06,-0.007039684737433514,-0.03722372046282126,-0.10927996813413345,-0.011900523076658164,-0.04164993883983655,-0.011060644627621184,-0.03262409309941624,-0.01651705853088187,-0.041712370217051715,-0.08824048544582774
2024-09-09,0.0004074363165664932,0.023127387297091972,0.027501683115474743,0.00041341833625925566,-0.015856070005874853,0.006140312543087769,0.008994597424506978,0.009957708740398233,0.03478609642542874,0.025949973905266994
2024-09-10,-0.003627944797066198,0.02338469252840609,0.05114766806307657,-0.001502339726560301,0.003138051247175442,-0.007759035804015487,0.0,0.02068571574555438,0.015193463464886781,0.044759273955983725
2024-09-11,0.011518513191333062,0.02730414417528586,0.06567226180105919,-0.012763067046701557,0.014164914305712636,0.021557924419040152,0.013849986182920286,0.021117754036358037,0.07834771421863573,0.008628742512625562
2024-09-12,0.000493902210888545,0.013350735010507195,0.03897270797655081,-0.004933826359307553,0.022036053874046464,0.015227316514895973,0.026547969413531342,0.009317271502473025,0.018980385546684648,0.007337206636805016
2024-09-13,-0.001212728686637908,-0.002730969055689944,0.01884186352915585,-0.007256753945816304,0.018031146570053218,-0.012169706699484454,-0.001866274198411592,0.008372339349541265,-0.0003358035280550084,0.0020864851607279924
2024-09-16,-0.028168281838407028,-0.008616597457795744,-0.022128697800830585,0.009273048138603896,0.003907305039033499,-0.0001841451068641037,0.017326013076388782,0.0017402876699835028,-0.019671651147132523,-0.0153589759450266
2024-09-17,0.002170274772132235,0.010705675426824473,-0.009495021890899005,0.010787577793016112,0.008080936440885712,-0.018976086609739484,0.005684342013535282,0.008794179435241068,-0.010242396778088237,0.004794890315022082
2024-09-18,0.01782989342991535,-0.002410931547252041,-0.004936155949434765,-0.0001751633071501189,0.003301250532125298,-0.0013361771839185597,0.003034630221578375,-0.010023639410919598,-0.01939258536807167,-0.0029445960609886415
2024-09-19,0.03639513296882057,0.018283807518041345,0.03823206573367694,0.006788089842318458,0.014998015504447628,0.011065980478633131,0.03856266263420382,0.018125853645099582,0.038925515284051825,0.07100962175825201
2024-09-20,-0.0029317284880576596,0.009070295653554553,0.021742602275343064,-0.00961733702733835,0.008539724190100524,0.0070241403666458325,0.0040162490472135225,-0.007826506700790959,-0.015992154433903553,-0.023519752638904136
2024-09-23,-0.007609906009598603,0.011829538769620484,0.010696511078994919,-0.0007250141902529667,-0.009581666990796982,-0.0032282446165980455,0.005436336757659538,-0.004051630891496908,0.002238889541435066,0.048140375327935025
2024-09-24,0.003966121718447512,0.00041255068996117736,0.010926521400269196,-0.0009235733527804261,0.0034892879436007438,0.006413629934988534,-0.0019152577618333957,-0.010061750862860357,0.03888652994700413,0.016935793509053217
2024-09-25,-0.00440781946276594,-0.007400007450933529,0.0038817718190285212,-0.004851622114086639,-0.003980006397352974,0.00014065710034220092,0.008801407783397955,0.006827041100787624,0.021606531151130978,0.010757148762662457
2024-09-26,0.005067346692975739,-0.007141186533660476,0.014535999056010555,0.004015288489406713,0.005140433074723561,-0.01662086017957606,-0.0008273040000551068,-0.0018530940319650547,0.004281959867217117,-0.010953821465680538
2024-09-27,0.0011859869217867864,-0.0168284107446147,-0.03079092619057657,0.007217732353133108,0.00887215030182242,-0.03528972463045593,-0.0008457391250136057,-0.007657211348942002,-0.02151321041873548,0.024249227064234113
2024-09-30,0.022614346723468053,-0.008763077056375612,-0.0011008572626720553,0.006080256953477583,0.011429438541592394,0.009241855830429234,0.008913933640338387,0.005312731285292946,0.0003294425567092951,0.004482044837533062
2024-10-01,-0.029574654219533595,-0.006460997690134298,-0.029592998435942215,-0.006211416358775711,0.007329943877751012,-0.0016493203807421454,0.007015318665013354,-0.022586389618169507,-0.03724639895336993,-0.013894251852425751
2024-10-02,0.00251658159543319,-0.002000651545077023,0.018869056531476802,-0.0016190932570338233,-0.006612484252430883,0.007423083441539176,-0.006369180040154015,-0.0084982932066965,0.015688246169751736,-0.03550382703625727
2024-10-03,-0.004906695972239981,-0.015270736231762942,0.007181439222290263,-0.008157256302115893,-0.0005978168505764662,-0.006214056919709165,0.01723856154332893,-0.001415391749694126,0.03310190557901344,-0.03414806745440706
2024-10-04,0.004994864452631187,0.024697907897679776,0.02725902584414965,0.019696154051855905,0.008041207385149554,0.0018163853334970934,0.022347364077687025,-0.0011530720824448552,0.01670943121053782,0.03839570976808335
2024-10-07,-0.022788567564488584,-0.031093362659704415,-0.00887073685230551,-0.018504686995626025,-0.025050105203440688,0.012590076870263825,-0.01890423673015214,-0.015794859894290896,0.022166859647172493,-0.03768957599969925
2024-10-08,0.018236770650156574,0.010563468311108654,0.031761158426443156,0.0006612758909656068,0.007937256206556982,0.01690871767736746,0.013773150803980866,0.012544891724879484,0.03968133634627648,0.015124010919583781
2024-10-09,0.01656051153645434,0.013319379012842232,0.028473622751840743,0.004616928385400112,-0.016060689752825943,0.006566869679171432,-0.004022322194638579,0.006609178079139945,-0.0018076791789402326,-0.014210915403026646
2024-10-10,-0.0021806462704047876,0.00796086049904925,-0.001399174199109956,-0.0021299289696472966,0.0007356248540376772,-0.009888398208496997,-0.011376712999517398,-0.0038880785475308784,0.01615232702142564,-0.009503630132407154
2024-10-11,-0.006526644588300753,0.01155904643352474,-0.0229331985068181,0.011539343618575356,0.008178328215111256,0.023194624439554744,0.010427934404429936,0.0011536082657645213,-7.414047563439432e-05,-0.09192353886888906
2024-10-14,0.01634558043426448,-0.006802098901968148,0.0045630901704241745,-0.000499854319060879,0.011061869823818862,-0.0027396167105783677,0.0007963108684626708,0.00675085847577616,0.023968634857841304,0.006224848869363662
2024-10-15,0.010964305614874324,0.0007995584839864811,-0.035338193484553804,0.005852620435788445,0.003300754942601467,-0.017571294802623417,-0.007053651474425829,-0.0009548624952107073,-0.04799379070468673,0.0018690482583788197
2024-10-16,-0.008891275686785173,-0.0042714734594326426,0.004761979460239073,0.006484527351805494,-0.0009590481709372618,0.0033884347282234677,-0.016302256937775973,-0.006276547237415224,0.03082688363979149,0.007983687088569507
2024-10-17,0.0015950902376703012,0.003418620886077508,0.026288615178265726,0.00034352504930573627,-0.013464420686691897,0.0007635612170873201,0.00024271860187961294,0.0014408881569960249,0.008875843945054735,-0.0019899714413276278
2024-10-18,0.01220177814607718,0.007755306570388279,-0.00907537299613484,-0.0022565277235990604,0.0032771515488369827,0.0009263602917771218,-0.0007976799231049518,0.0034496258720833847,0.0077838923018445205,-0.0008605378505268966
2024-10-21,0.006278144143347868,0.0004232229251258213,0.0005557747289816026,-0.001377851011874751,0.004533784318353015,-0.012981872377778734,-0.00227503310523174,0.0014815458939244632,0.040543741647112524,-0.008417707909120813
2024-10-22,-0.0026251860287764056,0.0033265052557146266,-0.003394836400308648,-0.005855596097627033,0.006133169610931017,0.003327322288301339,0.011839430226178163,0.02063201617368797,-0.0008354360019625863,-0.004029147285192923
2024-10-23,-0.021860246205345584,-0.026656796914304174,-0.03327128495583563,-0.0018220660045877208,-0.01412647442714982,-0.006510742552695328,-0.03198318716484525,-0.006830173925543217,-0.028467391977377406,-0.020018310718538105
2024-10-24,-0.0008236288762445314,0.009000562616286057,-0.012526919013732384,-0.006184815588550242,0.0003039606879892493,-0.013295864339705876,0.007229612018484109,0.0003061718640312568,0.0060721413831157775,0.19818699146920774
2024-10-25,0.003636475978177429,0.00774968161813032,0.009583310556994755,-0.008247604831884426,0.014841046300284157,0.001547099959367957,0.009587850390827931,0.008019878816746127,0.008015575005128896,0.032891334056112616
2024-10-28,0.008562670202738817,0.0029769707636567114,-0.0056808205374446604,0.009819214168115927,0.008051758749677904,0.0032321768666317137,0.008528678786820006,-0.0036502394372821324,-0.007232457410949488,-0.02512824530239814
2024-10-29,0.0011561258667216125,0.01286871001658346,0.04111494660458403,-0.008476565477405993,0.016496209394335163,0.008881883011234529,0.025815911793794798,0.012486503092111668,0.005181512224277846,-0.01145548515134625
2024-10-30,-0.015395840656843341,0.009907234588807736,-0.01461196093152948,0.0007475897859339825,0.028797198488641963,-0.06486463696285495,-0.0024977929794735127,0.0013418137889852258,-0.013614406706401952,-0.007619899978935549
2024-10-31,-0.018377303002267243,-0.03339535403553647,-0.03966915464467539,-0.008919514261985558,-0.019781036178076666,-0.020387669825520902,-0.04178698064580357,-0.06243679181108406,-0.04837401784502542,-0.03035306639591626
